url,time
http://api.ethercap.com/index.php/s/project/getAllProjects/0,2750
http://api.ethercap.com/index.php/s/im_message/getNewMessages,1351
http://api.ethercap.com/index.php/s/stats/sync,962
http://api.ethercap.com/index.php/s/im_message/getGroupList,524
http://api.ethercap.com/index.php/s/user/getNotice,449
http://api.ethercap.com/index.php/s/message/getUnreadMessageCount,427
http://api.ethercap.com/index.php/s/message/getMessages/0,343
http://api.ethercap.com/index.php/s/project/getFilterProjectCount,317
http://api.ethercap.com/index.php/s/project/getSuggestion,304
http://api.ethercap.com/index.php/s/meeting/syncNotEndedMeeting,298
http://api.ethercap.com/index.php/s/meeting/meetingsNeedFeedback,150
http://api.ethercap.com/index.php/s/project/getAllProjects/1,147
http://api.ethercap.com/index.php/s/meeting/notEndedMeeting,140
https://aplus-api.ethercap.com/index.php/s/im_message/getNewMessages,131
http://api.ethercap.com/index.php/s/webview/getSimples,121
http://api.ethercap.com/index.php/s/user/getUserInfo,97
http://api.ethercap.com/index.php/s/webview/getJsSwitch,88
http://api.ethercap.com/index.php/s/find/getInvestorRssLabels,87
http://api.ethercap.com/index.php/s/meeting/setAvailableTimeFounder,87
http://api.ethercap.com/index.php/a/project/getList/ONLINE/0,73
https://aplus-api.ethercap.com/index.php/s/im_message/getGroupList,50
https://aplus-api.ethercap.com/index.php/s/project/getAllProjects/0,48
http://api.ethercap.com/index.php/s/user/closeNotice,41
https://aplus-api.ethercap.com/index.php/s/message/getMessages/0,36
http://api.ethercap.com/index.php/s/project/searchProjects/1,34
https://aplus-api.ethercap.com/index.php/s/message/getUnreadMessageCount,28
https://aplus-api.ethercap.com/index.php/s/user/getNotice,28
http://api.ethercap.com/index.php/s/project/getCategories,27
https://aplus-api.ethercap.com/index.php/s/stats/sync,20
http://api.ethercap.com/index.php/s/project/emailBP/26633,20
http://api.ethercap.com/index.php/s/meeting/endedMeeting/0,17
http://api.ethercap.com/index.php/s/project/myProjects/0,17
http://api.ethercap.com/index.php/a/schedule/submitSchedules,15
http://api.ethercap.com/index.php/s/meeting/getAvailableCityAndTime/26084,14
http://api.ethercap.com/index.php/s/meeting/getAvailableCityAndTime/26483,13
https://aplus-api.ethercap.com/index.php/s/meeting/meetingsNeedFeedback,13
https://aplus-api.ethercap.com/index.php/s/webview/getSimples,13
http://api.ethercap.com/index.php/s/project/emailBP/26064,13
http://api.ethercap.com/index.php/s/project/projectDetail/26084,12
http://api.ethercap.com/index.php/s/project/projectDetail/26483,11
http://api.ethercap.com/index.php/s/meeting/getAvailableCityAndTime/24904,11
http://api.ethercap.com/index.php/s/project/projectDetail/26064,9
http://api.ethercap.com/index.php/a/project/addCC,9
http://api.ethercap.com/index.php/s/meeting/getAvailableCityAndTime/26380,8
http://api.ethercap.com/index.php/s/project/similarProjects/24328,8
http://api.ethercap.com/index.php/s/app/getPatches,8
http://api.ethercap.com/index.php/a/im_message/getGroupList,8
http://api.ethercap.com/index.php/s/meeting/getAvailableCityAndTime/26264,7
http://api.ethercap.com/index.php/a/im_message/getNewMessages,7
http://api.ethercap.com/index.php/s/project/similarProjects/24904,7
http://api.ethercap.com/index.php/s/project/projectDetail/24904,7
http://api.ethercap.com/index.php/s/project/projectDetail/26380,7
https://admin.ethercap.com/index.php/a/im/globalNewMessages,6
https://aplus-api.ethercap.com/index.php/s/find/getInvestorRssLabels,6
http://api.ethercap.com/index.php/a/project/getList/SEARCH/0,6
http://api.ethercap.com/index.php/s/project/similarProjects/26064,6
http://api.ethercap.com/index.php/s/meeting/getAvailableCityAndTime/24328,6
http://api.ethercap.com/index.php/s/project/similarProjects/26380,6
http://api.ethercap.com/index.php/s/project/projectDetail/24328,6
http://api.ethercap.com/index.php/s/meeting/getAvailableCityAndTime/27344,6
http://api.ethercap.com/index.php/s/project/similarProjects/27344,5
http://api.ethercap.com/index.php/s/project/projectDetail/14826,5
http://api.ethercap.com/index.php/s/project/projectDetail/26264,5
http://api.ethercap.com/index.php/s/user/getInvestorCard/8154,5
https://aplus-api.ethercap.com/index.php/s/project/myProjects/0,5
http://api.ethercap.com/index.php/s/project/similarProjects/26483,5
http://api.ethercap.com/index.php/s/meeting/getAvailableCityAndTime/27053,5
http://api.ethercap.com/index.php/s/meeting/getAvailableCityAndTime/24332,5
http://api.ethercap.com/index.php/s/project/shareProject/24822,5
http://api.ethercap.com/index.php/s/project/submitProjectFeedback,5
http://api.ethercap.com/index.php/s/message/unreadMessageCountAfter,5
https://aplus-api.ethercap.com/index.php/s/project/getSuggestion,5
http://api.ethercap.com/index.php/s/meeting/getAvailableCityAndTime/26821,4
http://api.ethercap.com/index.php/s/meeting/getAvailableCityAndTime/27452,4
http://api.ethercap.com/index.php/s/meeting/getAvailableCityAndTime/26440,4
http://api.ethercap.com/index.php/s/project/similarProjects/27452,4
http://api.ethercap.com/index.php/s/meeting/getAvailableCityAndTime/26914,4
http://api.ethercap.com/index.php/s/meeting/getAvailableCityAndTime/26064,4
http://api.ethercap.com/index.php/s/project/projectDetail/24332,4
http://api.ethercap.com/index.php/s/project/projectDetail/27053,4
https://aplus-api.ethercap.com/index.php/s/user/getUserInfo,4
http://api.ethercap.com/index.php/s/meeting/getAvailableCityAndTime/26530,4
http://api.ethercap.com/index.php/s/project/projectDetail/21872,4
http://api.ethercap.com/index.php/s/project/projectDetail/27981,4
http://api.ethercap.com/index.php/s/project/projectDetail/27675,4
http://api.ethercap.com/index.php/s/project/similarProjects/27675,4
http://api.ethercap.com/index.php/s/find/updateInvestorRssLabels,4
http://api.ethercap.com/index.php/s/project/similarProjects/26084,4
http://api.ethercap.com/index.php/s/project/similarProjects/26633,4
http://api.ethercap.com/index.php/s/project/projectDetail/27344,3
http://api.ethercap.com/index.php/s/project/projectDetail/19299,3
https://aplus.ethercap.com/index.php/a/im/globalNewMessages,3
http://api.ethercap.com/index.php/s/meeting/getAvailableCityAndTime/24501,3
http://api.ethercap.com/index.php/s/meeting/getAvailableCityAndTime/14826,3
http://api.ethercap.com/index.php/s/project/projectDetail/26633,3
http://api.ethercap.com/index.php/s/project/projectDetail/24501,3
http://api.ethercap.com/index.php/s/project/projectDetail/26440,3
http://api.ethercap.com/index.php/s/project/projectDetail/27452,3
http://api.ethercap.com/index.php/s/project/getAgentInfo/8278,3
http://api.ethercap.com/index.php/s/project/projectDetail/26914,3
http://api.ethercap.com/index.php/s/user/getLicenseUrl,3
http://api.ethercap.com/index.php/s/meeting/getAvailableCityAndTime/26906,3
http://api.ethercap.com/index.php/s/project/similarProjects/24822,3
http://api.ethercap.com/index.php/s/project/similarProjects/26906,3
https://aplus-api.ethercap.com/index.php/s/meeting/syncNotEndedMeeting,3
http://api.ethercap.com/index.php/s/im_message/received/40289,3
http://api.ethercap.com/index.php/s/project/similarProjects/25155,3
http://api.ethercap.com/index.php/s/message/readMessageBatch,3
http://api.ethercap.com/index.php/s/project/projectDetail/26667,3
http://api.ethercap.com/index.php/s/app/launchScreen/720/1280,3
http://api.ethercap.com/index.php/s/project/similarProjects/26530,3
http://api.ethercap.com/index.php/s/meeting/getAvailableCityAndTime/27981,3
http://api.ethercap.com/index.php/s/meeting/getAvailableCityAndTime/23204,3
http://api.ethercap.com/index.php/s/project/investorLike/17516,3
http://api.ethercap.com/index.php/s/project/projectDetail/15510,3
http://api.ethercap.com/index.php/a/user/sync,3
http://api.ethercap.com/index.php/s/project/similarProjects/27053,3
http://api.ethercap.com/index.php/s/project/similarProjects/23204,3
http://api.ethercap.com/index.php/s/meeting/getAvailableCityAndTime/27675,3
http://api.ethercap.com/index.php/s/meeting/getAvailableCityAndTime/19299,3
http://api.ethercap.com/index.php/s/project/similarProjects/27981,3
http://api.ethercap.com/index.php/s/project/getAllProjects/2,3
http://api.ethercap.com/index.php/s/project/similarProjects/24369,3
http://api.ethercap.com/index.php/s/project/projectDetail/26906,3
http://api.ethercap.com/index.php/s/meeting/getAvailableCityAndTime/26633,3
http://api.ethercap.com/index.php/s/meeting/getAvailableCityAndTime/27618,3
http://api.ethercap.com/index.php/s/project/projectDetail/24369,3
http://api.ethercap.com/index.php/s/project/projectDetail/26836,2
http://api.ethercap.com/index.php/s/project/similarProjects/27618,2
http://api.ethercap.com/index.php/s/project/searchProjects/2,2
http://api.ethercap.com/index.php/s/meeting/syncNotEndedMeetingFounder,2
http://api.ethercap.com/index.php/s/project/projectDetail/22315,2
http://api.ethercap.com/index.php/s/project/projectDetail/24347,2
http://api.ethercap.com/index.php/s/project/similarProjects/26626,2
http://api.ethercap.com/index.php/s/app/launchScreen/1080/1812,2
https://aplus-api.ethercap.com/index.php/s/meeting/notEndedMeeting,2
http://api.ethercap.com/index.php/s/project/projectDetail/26990,2
http://api.ethercap.com/index.php/s/project/projectDetail/27618,2
http://api.ethercap.com/index.php/s/project/getAllProjects/8,2
http://api.ethercap.com/index.php/s/project/similarProjects/22315,2
http://api.ethercap.com/index.php/s/im_message/getGroupHistoryMessages/40349,2
http://api.ethercap.com/index.php/s/project/projectDetail/26626,2
http://api.ethercap.com/index.php/s/user/protocolAgreed,2
http://api.ethercap.com/index.php/s/meeting/getAvailableCityAndTime/21855,2
http://api.ethercap.com/index.php/s/project/projectDetail/27312,2
http://api.ethercap.com/index.php/s/project/getAllProjects/9,2
https://aplus-api.ethercap.com/index.php/s/project/getFilterProjectCount,2
http://api.ethercap.com/index.php/s/project/investorLike/24904,2
http://api.ethercap.com/index.php/s/meeting/getAvailableCityAndTime/27312,2
http://api.ethercap.com/index.php/s/meeting/getAvailableCityAndTime/26430,2
http://api.ethercap.com/index.php/s/im_message/received/40291,2
http://api.ethercap.com/index.php/s/project/projectDetail/24843,2
http://api.ethercap.com/index.php/s/project/projectDetail/26430,2
http://api.ethercap.com/index.php/s/project/similarProjects/14379,2
http://api.ethercap.com/index.php/s/project/similarProjects/26914,2
http://api.ethercap.com/index.php/s/project/similarProjects/22377,2
http://api.ethercap.com/index.php/s/project/getAllProjects/3,2
http://api.ethercap.com/index.php/s/user/sendColdcall,2
http://api.ethercap.com/index.php/s/im_message/send/40318,2
http://api.ethercap.com/index.php/s/project/projectDetail/27233,2
http://api.ethercap.com/index.php/s/project/projectDetail/22377,2
http://api.ethercap.com/index.php/s/project/projectDetail/26530,2
http://api.ethercap.com/index.php/s/meeting/getAvailableCityAndTime/26667,2
http://api.ethercap.com/index.php/s/project/similarProjects/14826,2
http://api.ethercap.com/index.php/s/meeting/getAvailableCityAndTime/24822,2
http://api.ethercap.com/index.php/s/project/projectDetail/27481,2
http://api.ethercap.com/index.php/s/meeting/getAvailableCityAndTime/25155,2
http://api.ethercap.com/index.php/s/meeting/getAvailableCityAndTime/21776,2
http://api.ethercap.com/index.php/s/user/getInvestorCard/32908,2
http://api.ethercap.com/index.php/s/project/projectDetail/25155,2
http://api.ethercap.com/index.php/s/project/investorLike/17074,2
http://api.ethercap.com/index.php/s/project/similarProjects/26667,2
http://api.ethercap.com/index.php/s/im_message/addGroup/26483/16040,2
http://api.ethercap.com/index.php/s/user/getInvestorCard/8943,2
http://api.ethercap.com/index.php/s/project/projectDetail/21026,2
http://api.ethercap.com/index.php/s/project/projectDetail/25003,2
http://api.ethercap.com/index.php/a/webview/getJsSwitch,2
http://api.ethercap.com/index.php/s/meeting/onlineMeetingsOfFounder,2
http://api.ethercap.com/index.php/s/meeting/getAvailableCityAndTime/24369,2
http://api.ethercap.com/index.php/s/project/projectDetail/26821,2
http://api.ethercap.com/index.php/s/meeting/getAvailableCityAndTime/26836,2
http://api.ethercap.com/index.php/s/project/projectDetail/11913,2
http://api.ethercap.com/index.php/s/project/projectDetail/26174,2
http://api.ethercap.com/index.php/s/project/similarProjects/26821,2
http://api.ethercap.com/index.php/s/meeting/getAvailableCityAndTime/21620,2
http://api.ethercap.com/index.php/s/project/similarProjects/26836,2
http://api.ethercap.com/index.php/s/meeting/getAvailableCityAndTime/26990,2
http://api.ethercap.com/index.php/s/meeting/getAvailableCityAndTime/26174,2
http://api.ethercap.com/index.php/s/meeting/getAvailableCityAndTime/26626,2
http://api.ethercap.com/index.php/s/app/launchScreen/414.0/736.0,2
http://api.ethercap.com/index.php/s/project/investorLike/24369,1
http://api.ethercap.com/index.php/s/meeting/getAvailableCityAndTime/22874,1
http://api.ethercap.com/index.php/s/project/similarProjects/26990,1
http://api.ethercap.com/index.php/s/meeting/getAvailableCityAndTime/27936,1
https://aplus-api.ethercap.com/index.php/s/project/searchProjects/1,1
http://api.ethercap.com/index.php/s/project/projectDetail/25973,1
http://api.ethercap.com/index.php/s/im_message/received/40526,1
http://api.ethercap.com/index.php/s/project/projectDetail/25605,1
http://api.ethercap.com/index.php/s/project/projectDetail/24616,1
http://api.ethercap.com/index.php/s/project/similarProjects/22874,1
https://aplus-api.ethercap.com/index.php/s/meeting/getAvailableCityAndTime/24904,1
http://api.ethercap.com/index.php/s/project/similarProjects/27936,1
https://aplus-api.ethercap.com/index.php/s/meeting/getAvailableCityAndTime/26264,1
http://api.ethercap.com/index.php/s/app/launchScreen/375.0/667.0,1
http://api.ethercap.com/index.php/s/user/getReviewInfo,1
http://api.ethercap.com/index.php/s/project/investorLike/24347,1
http://api.ethercap.com/index.php/s/project/similarProjects/26174,1
http://api.ethercap.com/index.php/s/project/projectDetail/22874,1
http://api.ethercap.com/index.php/s/meeting/getAvailableCityAndTime/24381,1
http://api.ethercap.com/index.php/s/project/projectDetailFounder/19150,1
http://api.ethercap.com/index.php/s/meeting/getAvailableCityAndTime/24346,1
http://api.ethercap.com/index.php/s/meeting/getAvailableCityAndTime/17041,1
https://aplus-api.ethercap.com/index.php/s/project/projectDetail/26264,1
http://api.ethercap.com/index.php/s/project/similarProjects/21776,1
http://api.ethercap.com/index.php/s/meeting/getAvailableCityAndTime/22315,1
http://api.ethercap.com/index.php/s/project/emailBP/22366,1
http://api.ethercap.com/index.php/s/project/emailBP/24347,1
http://api.ethercap.com/index.php/s/project/emailBP/25605,1
https://aplus-api.ethercap.com/index.php/s/user/closeNotice,1
http://api.ethercap.com/index.php/s/project/projectDetail/24381,1
http://api.ethercap.com/index.php/s/im_message/send/39926,1
http://api.ethercap.com/index.php/s/project/projectDetail/24346,1
http://api.ethercap.com/index.php/s/project/similarProjects/21723,1
https://aplus-api.ethercap.com/index.php/s/project/similarProjects/26264,1
http://api.ethercap.com/index.php/s/project/projectDetail/21776,1
http://api.ethercap.com/index.php/s/meeting/remindFeedbackLater/33290,1
http://api.ethercap.com/index.php/s/user/getInvestorCard/12428,1
http://api.ethercap.com/index.php/s/im_message/received/39930,1
http://api.ethercap.com/index.php/s/meeting/getAvailableCityAndTime/24843,1
http://api.ethercap.com/index.php/s/meeting/getAvailableCityAndTime/19596,1
http://api.ethercap.com/index.php/s/project/projectDetail/21620,1
http://api.ethercap.com/index.php/s/project/projectDetail/14379,1
http://api.ethercap.com/index.php/s/meeting/getAvailableCityAndTime/25451,1
http://api.ethercap.com/index.php/s/meeting/remindFeedbackLater/35705,1
http://api.ethercap.com/index.php/s/project/getAllProjects/11,1
http://api.ethercap.com/index.php/s/im_message/received/40318,1
http://api.ethercap.com/index.php/s/project/similarProjects/24346,1
http://api.ethercap.com/index.php/s/meeting/getAvailableCityAndTime/21723,1
http://api.ethercap.com/index.php/s/project/similarProjects/25647,1
http://api.ethercap.com/index.php/s/meeting/getAvailableCityAndTime/24606,1
http://api.ethercap.com/index.php/s/im_message/groupInfos,1
http://api.ethercap.com/index.php/s/meeting/getAvailableCityAndTime/15900,1
http://api.ethercap.com/index.php/s/project/similarProjects/21855,1
http://api.ethercap.com/index.php/s/project/investorIgnore/26615,1
http://api.ethercap.com/index.php/s/meeting/getAvailableCityAndTime/21957,1
http://api.ethercap.com/index.php/s/meeting/getAvailableCityAndTime/27233,1
http://api.ethercap.com/index.php/s/meeting/getAvailableCityAndTime/22729,1
http://api.ethercap.com/index.php/s/project/projectDetail/25647,1
http://api.ethercap.com/index.php/s/project/getAgentInfo/23870,1
http://api.ethercap.com/index.php/s/project/projectDetail/24606,1
http://api.ethercap.com/index.php/s/project/similarProjects/26440,1
http://api.ethercap.com/index.php/s/im_message/send/40172,1
http://api.ethercap.com/index.php/s/project/similarProjects/24843,1
http://api.ethercap.com/index.php/s/im_message/received/39705,1
http://api.ethercap.com/index.php/s/project/projectDetail/25913,1
http://api.ethercap.com/index.php/s/app/launchScreen/1080/1920,1
http://api.ethercap.com/index.php/s/project/similarProjects/23948,1
http://api.ethercap.com/index.php/s/meeting/getAvailableCityAndTime/16307,1
http://api.ethercap.com/index.php/s/meeting/getAvailableCityAndTime/23201,1
http://api.ethercap.com/index.php/s/project/similarProjects/24606,1
http://api.ethercap.com/index.php/s/meeting/getAvailableCityAndTime/25965,1
http://api.ethercap.com/index.php/s/im_message/getGroupHistoryMessages/40267,1
http://api.ethercap.com/index.php/s/meeting/remindFeedbackLater/35512,1
http://api.ethercap.com/index.php/s/meeting/getAvailableCityAndTime/14379,1
http://api.ethercap.com/index.php/s/project/similarProjects/16307,1
http://api.ethercap.com/index.php/s/meeting/getAvailableCityAndTime/27120,1
http://api.ethercap.com/index.php/s/meeting/getAvailableCityAndTime/25538,1
http://api.ethercap.com/index.php/s/meeting/remindFeedbackLater/35262,1
http://api.ethercap.com/index.php/s/im_message/send/40289,1
http://api.ethercap.com/index.php/s/project/getAllProjects/4,1
http://api.ethercap.com/index.php/s/project/similarProjects/25965,1
http://api.ethercap.com/index.php/s/project/emailBP/25647,1
http://api.ethercap.com/index.php/s/im_message/send/40505,1
http://api.ethercap.com/index.php/s/meeting/getAvailableCityAndTime/26068,1
http://api.ethercap.com/index.php/s/project/similarProjects/24332,1
http://api.ethercap.com/index.php/s/project/projectDetail/16307,1
http://api.ethercap.com/index.php/s/project/similarProjects/27120,1
http://api.ethercap.com/index.php/s/project/similarProjects/25538,1
http://api.ethercap.com/index.php/s/project/similarProjects/27312,1
http://api.ethercap.com/index.php/s/meeting/getAvailableCityAndTime/25570,1
http://api.ethercap.com/index.php/s/meeting/getAvailableCityAndTime/23273,1
http://api.ethercap.com/index.php/s/meeting/getAvailableCityAndTime/21872,1
http://api.ethercap.com/index.php/s/im_message/received/39815,1
http://api.ethercap.com/index.php/s/im_message/send/39202,1
http://api.ethercap.com/index.php/s/project/getRssProjects/0,1
http://api.ethercap.com/index.php/s/project/projectDetail/27120,1
http://api.ethercap.com/index.php/s/project/projectDetail/25538,1
http://api.ethercap.com/index.php/s/project/projectDetail/19229,1
http://api.ethercap.com/index.php/s/project/similarProjects/25570,1
http://api.ethercap.com/index.php/s/im_message/send/39581,1
http://api.ethercap.com/index.php/s/user/coldcallUsed,1
http://api.ethercap.com/index.php/s/project/projectDetail/26305,1
http://api.ethercap.com/index.php/s/meeting/getAvailableCityAndTime/26428,1
http://api.ethercap.com/index.php/s/project/similarProjects/17074,1
http://api.ethercap.com/index.php/s/project/projectDetail/17516,1
http://api.ethercap.com/index.php/s/im_message/received/38062,1
http://api.ethercap.com/index.php/s/im_message/addGroup/26667/7162,1
http://api.ethercap.com/index.php/s/im_message/received/39202,1
http://api.ethercap.com/index.php/s/im_message/send/39801,1
http://api.ethercap.com/index.php/s/project/projectDetail/24822,1
https://aplus.ethercap.com/index.php/weixin/hand_home/sendBp,1
http://api.ethercap.com/index.php/s/im_message/send/40140,1
http://api.ethercap.com/index.php/s/project/projectDetail/14325,1
http://api.ethercap.com/index.php/s/meeting/getAvailableCityAndTime/18666,1
http://api.ethercap.com/index.php/s/project/projectDetail/23201,1
http://api.ethercap.com/index.php/s/meeting/getAvailableCityAndTime/26305,1
http://api.ethercap.com/index.php/s/project/projectDetail/26428,1
http://api.ethercap.com/index.php/s/im_message/addGroup/24904/35241,1
http://api.ethercap.com/index.php/s/project/projectDetail/25036,1
http://api.ethercap.com/index.php/s/im_message/received/39949,1
http://api.ethercap.com/index.php/s/meeting/getAvailableCityAndTime/24549,1
http://api.ethercap.com/index.php/s/meeting/getAvailableCityAndTime/26482,1
http://api.ethercap.com/index.php/s/project/emailBP/14325,1
http://api.ethercap.com/index.php/s/project/similarProjects/23201,1
http://api.ethercap.com/index.php/s/project/emailBP/27233,1
http://api.ethercap.com/index.php/s/meeting/getAvailableCityAndTime/18483,1
http://api.ethercap.com/index.php/s/meeting/getAvailableCityAndTime/12551,1
http://api.ethercap.com/index.php/s/project/shareProject/17516,1
http://api.ethercap.com/index.php/s/meeting/getAvailableCityAndTime/15510,1
http://api.ethercap.com/index.php/s/meeting/remindFeedbackLater/35580,1
http://api.ethercap.com/index.php/s/meeting/getAvailableCityAndTime/25036,1
http://api.ethercap.com/index.php/s/project/projectDetail/25208,1
http://api.ethercap.com/index.php/s/project/similarProjects/9533,1
http://api.ethercap.com/index.php/s/project/similarProjects/24549,1
http://api.ethercap.com/index.php/s/project/projectDetail/23204,1
http://api.ethercap.com/index.php/s/project/similarProjects/26482,1
http://api.ethercap.com/index.php/s/project/emailBP/21026,1
http://api.ethercap.com/index.php/s/meeting/getAvailableCityAndTime/27238,1
http://api.ethercap.com/index.php/s/project/projectDetail/18483,1
http://api.ethercap.com/index.php/s/project/projectDetail/17074,1
http://api.ethercap.com/index.php/s/project/similarProjects/17516,1
http://api.ethercap.com/index.php/s/meeting/getAvailableCityAndTime/26550,1
http://api.ethercap.com/index.php/s/project/similarProjects/25036,1
http://api.ethercap.com/index.php/s/project/projectDetail/9533,1
http://api.ethercap.com/index.php/s/project/projectDetail/24549,1
http://api.ethercap.com/index.php/s/project/projectDetail/23100,1
http://api.ethercap.com/index.php/s/project/projectDetail/26482,1
http://api.ethercap.com/index.php/s/im_message/send/40620,1
http://api.ethercap.com/index.php/s/project/similarProjects/21026,1
http://api.ethercap.com/index.php/s/project/projectDetail/27238,1
http://api.ethercap.com/index.php/s/im_message/received/38699,1
http://api.ethercap.com/index.php/s/project/projectDetail/26550,1
http://api.ethercap.com/index.php/s/im_message/received/39523,1
http://api.ethercap.com/index.php/s/project/similarProjects/27481,1
http://api.ethercap.com/index.php/s/meeting/getAvailableCityAndTime/24294,1
http://api.ethercap.com/index.php/s/app/launchScreen/1440/2560,1
http://api.ethercap.com/index.php/s/im_message/received/39492,1
http://api.ethercap.com/index.php/s/meeting/getAvailableCityAndTime/25973,1
http://api.ethercap.com/index.php/s/project/investorLike/24328,1
http://api.ethercap.com/index.php/s/project/investorLike/26440,1
http://api.ethercap.com/index.php/s/project/projectDetail/25996,1
http://api.ethercap.com/index.php/s/project/similarProjects/19299,1
http://api.ethercap.com/index.php/s/meeting/getAvailableCityAndTime/26438,1
http://api.ethercap.com/index.php/s/meeting/getAvailableCityAndTime/9533,1
http://api.ethercap.com/index.php/s/project/similarProjects/24294,1
http://api.ethercap.com/index.php/s/app/launchScreen/320.0/568.0,1
http://api.ethercap.com/index.php/s/meeting/getAvailableCityAndTime/24739,1
http://api.ethercap.com/index.php/s/project/similarProjects/25973,1
http://api.ethercap.com/index.php/s/project/emailBP/24328,1
http://api.ethercap.com/index.php/s/project/similarProjects/24501,1
http://api.ethercap.com/index.php/s/project/similarProjects/26264,1
http://api.ethercap.com/index.php/s/project/similarProjects/21620,1